-0.03132451911511322;0.2897345253395408;-1.188776640540788;-0.00067759571134855755;-0.00057462313677536167;0.00080651399486828576
-0.0093113821038696924;0.24859530302466554;-1.2573479380799037;0.00028821473779761772;-0.00012280903587879821;-0.0014879673202469717
-0.037945368224526078;0.26380173205030483;-1.2831638382851251;0.0015443082451495605;0.0017065221079698401;-0.0020290879895183641
0.016975510532243294;0.2305259738809039;-1.1780074357342083;0.0013984298666551559;-0.00023949903595868734;-0.0018372060924159858
0.0016935231505661602;0.24023562343646479;-1.1662245811403544;0.0012937727791652958;0.00018483873612198931;-0.0028975372104003421
-9.0630497677248877e-05;0.25782550603086868;-1.1557642856583774;0.00084358033913061489;0.00011752254611718228;-0.00034882963980711787
0.0084409243576001221;0.224654295568639;-1.1143135833667428;0.0001431223956882025;4.1664483891132262e-05;1.4854067878264282e-05
0.024214258583051793;0.23754608929075602;-1.0716710024557201;0.0017497815009719811;0.00042390850238630201;-0.0024499497815684114
0.0072785432873195138;0.22256193228442522;-1.0174195425882728;0.0016395517012260893;-0.00050496105286765628;-0.00045196515033219583
-0.0075439117580118724;0.20830562105125552;-1.0379364385719352;0.00095331070013359288;0.00064544539830990971;-0.0013324628626914063
-0.025145947979990532;0.2097531686338209;-1.0808070648452803;-0.00056588182836460983;0.0011939076813202278;-0.00065663725863242999
0.007801825122006471;0.21080543664425191;-0.99055239569515852;0.00064454060146250185;0.00030269901965006751;-0.0020329093362689882
-0.0030520742261180961;0.19255218436624805;-1.0089725825075413;-0.0010013170471738434;0.00059501583205639379;-2.7088399461220953e-05
0.0050908042766953923;0.1720240943671017;-0.93181532517070798;-0.00083755168431291565;0.00059897928247437768;-0.0018184705075103365
-0.0042631405700202926;0.20145599424427904;-0.94867535853137475;0.00024182016757619282;0.00063274399740895215;0.0017266367059056945
-0.012048550895538118;0.1953145753558117;-0.93767249565502908;0.00070995505236910608;0.0010474431015301741;-0.00091870538797632481
-0.065499235326032204;0.17507353669108472;-0.85204497811861402;-0.00145572773564001;0.0021110521471242537;0.0007624720189412966
-0.0070992926906904077;0.18047153807770552;-0.89989504723207681;-0.0016635492422165314;0.00022785547202988049;0.00077762955353406077
-0.011577851159747085;0.18392752029844112;-0.8702745080675427;-8.7631586885663292e-05;0.00069202307837678406;-0.00073882205423346861
0.016952850341882913;0.17030535168607464;-0.87212666353548807;-0.0011760608843573886;-0.00046338781822727006;0.00089359432550393625
-0.024385229048549575;0.17231319221696342;-0.84839686813762594;0.0020466031848337257;0.0002039861064512012;-0.00070865959800755444
-0.0011640908983054144;0.16703844112453523;-0.83734482130697752;0.0015626460060815049;-0.00071118585022289114;0.001271701296880535
0.0083036291108096166;0.16335992005493402;-0.76645573119780874;0.00020844173491369798;-0.0033002814094298355;0.0012461312181723595
-0.010046277258038572;0.17427407877549372;-0.80310680774695742;0.00056694559808281061;-0.0044462302208564371;0.00028723487363063212
-0.019380098094604795;0.16768099397676656;-0.76867971810694602;-0.0001237007426557099;-0.0053384413178614032;-0.001383027106068177
-0.014457030975319699;0.14733817141874839;-0.7270195907973428;-0.0011948374996336886;-0.0060950868664959553;-0.0025307476706597728
-0.0032858316768779724;0.15929370344636953;-0.68670600191635844;-0.0005367385207235508;-0.0074299774960732631;-0.0012014439277292469
-0.013488229499910435;0.15480472531198822;-0.69491620188531511;-0.0015154029956920192;-0.0083329485841193221;-0.0027475560426249543
0.0074259415437759914;0.14592627662186458;-0.68629005944387178;-0.0018707771035266188;-0.011919009254863997;0.0001696417809185489
-0.0089618272311142982;0.14630852906580133;-0.66067461943332506;-0.0022446253126089635;-0.014845499822941571;-0.00076969202081340372
-0.026145491608062787;0.13207028533365808;-0.65179415015213882;-0.0026204099567478131;-0.019308763722347966;-0.0014608546156607534
-0.042338334295144366;0.13930060337444952;-0.66289391670681952;-0.0019776815555992999;-0.025922988565849181;-0.0025350916078206243
-0.04462832811439868;0.12057143457755742;-0.62107400780241195;1.3108013134156593e-05;-0.031138512579695868;-0.0041013623943029322
-0.065902367006368326;0.1243339660150707;-0.63913414466068663;0.00044357411674090808;-0.033936428731330612;-0.0066260425257063035
-0.040644135679569961;0.11685684903036477;-0.58900216504110081;0.00016264189641674724;-0.036975327390191826;-0.0068345923734384499
-0.065707038347124103;0.11717368078714803;-0.57713790062583226;0.0023948003003810897;-0.039987398482542263;-0.0079218583396341944
-0.065642536983420624;0.10543130687211742;-0.56410396358273529;0.0042415618683669309;-0.04487624250621676;-0.0055836460532357477
-0.069173666206311185;0.10782309716041591;-0.53375336776187143;0.00042467680728489954;-0.047503928593087143;-0.0092709167161247451
-0.082701089072467954;0.11384574631239892;-0.58998166937646834;-0.0037990318708914037;-0.050589870484891886;-0.01229427770406993
-0.07094142265071883;0.10171246088087968;-0.53137058612890231;-0.0018145819661970865;-0.05483375982362864;-0.0077156516416954099
-0.073754954765511915;0.088953898699076384;-0.50042630929680965;0.00016686308877404029;-0.057918563457915788;-0.0078396797955508062
-0.091683558840253268;0.10950935295780141;-0.50979946477663607;0.0025627132070211254;-0.056197174095161131;-0.010159126607716744
-0.099053331256391292;0.10519388774397027;-0.44251082013431675;0.0046475193772673147;-0.054447674297858184;-0.016419425114713306
-0.09787412464882507;0.11166370295241845;-0.46499907148666247;0.0016881453757562974;-0.055841517913263868;-0.014977740128253265
-0.076015498575346424;0.1228777595389015;-0.49857898906735132;-0.0013223045751691097;-0.058748657239093303;-0.001698662204090348
-0.08142131054869399;0.099271679464569967;-0.51650542397357335;-0.0068987236841709463;-0.057066807602879965;-0.0040405475098504165
-0.06544492559045495;0.10280948148651269;-0.46042223844738051;-0.0031257461120888703;-0.056849176608454843;-0.0013127387030030609
-0.068869926736151402;0.10383656658843395;-0.48876865454168122;-0.00054009521789365178;-0.056977576277213476;-0.006350655997746992
-0.074545001865646041;0.097877265937352589;-0.47922090319850313;-0.00059396945621773218;-0.055960606884786511;-0.010315875717308841
-0.055653352206318153;0.080990748947383132;-0.45441796402679169;-0.0019135832372278888;-0.057762583051931445;-0.0088739393199239458
-0.064980225685227239;0.11594098810983941;-0.50632754864058915;7.9111475905570901e-05;-0.05730144162819166;-0.0052338206142947619
-0.040564365775872122;0.13230215612999929;-0.35836280347075161;0.0031424256240113074;-0.057983575822182644;-0.0021526650030655363
-0.064897273865121882;0.10564478817854181;-0.56092481627925728;-0.0012136274078448901;-0.05581910726734212;-0.0097167398361096714
-0.051075414822374259;0.11075275434845477;-0.51659470298139565;-0.0010015063615476925;-0.05254500181081978;-0.0091350858103969486
-0.036922185757339347;0.10295268327777415;-0.33984051124088255;0.00067027721304782737;-0.048277626859800235;-0.0034926226083628912
-0.02870611164099815;0.11464254326997625;-0.46408986721220047;6.8263084509276198e-05;-0.040174209672276792;-0.012780367409384354
-0.054959737513583462;0.099287275213681511;-0.48968166721396;3.363866185955143e-05;-0.032634937496933143;-0.0092172373959806802
-0.045094486278188531;0.11793009090563218;-0.54832052232609785;-1.8737228884307375e-05;-0.026603311118562657;-0.008765014771544415
-0.033178473344146954;0.10480259330856984;-0.52455631815778148;-0.0016809436516856309;-0.020990053952323902;-0.0031157556799585526
-0.018987902775651676;0.091627018573834276;-0.51340601554550647;0.0014771594197000267;-0.017088004850441769;-0.0011314395527127243
-0.025225510194633538;0.099039269817246381;-0.50604500374991446;0.0049213921794340016;-0.013389287589662425;-0.005022233386209659
-0.017198024890974589;0.10054865898425554;-0.52239448885670148;0.0025471666732993633;-0.0094344030507999641;-0.0054465990487991894
-0.025263856292486151;0.10708815996731788;-0.51813576727572663;0.0022930923123567312;-0.0051600872095721147;-0.0055428684261789717
-0.0029063869488149571;0.10597392374229732;-0.52898102477786313;-0.00045937414676084542;-0.0043960357558091847;0.0037683172603064428
0.013296526940976747;0.1162540124081536;-0.58316764753310024;-0.0058160185593587729;-0.0038887101514603231;0.0080275739319348536
0.0094475834467067088;0.11767899444931521;-0.60567313142221901;-0.010275683672045672;-0.0013609991953540774;0.0044912326741559519
0.017400367046254386;0.12048853062282668;-0.55653167676949666;-0.0072513019192778118;-0.00016491528853200221;-0.0059936474977155176
-0.00044674166746184113;0.10342982196828994;-0.57235405828948038;-0.000680049645191554;-0.00086313698923658156;0.00039144322867331211
0.00092072275594282235;0.10748821884909369;-0.58028522931376414;0.0040061970904368147;-0.0019712022422169544;0.0015030925021642895
-0.0017706593742509527;0.11658249092877772;-0.57935758857645459;0.0065185412411433476;-0.0011289945020748029;0.0013077662278371054
0.011904488616235383;0.12781474893067574;-0.60394834823547117;0.005413668162201059;-0.0014685531651022299;0.0028088636915895335
-0.0064086169307331292;0.11745628350268823;-0.62671733041999256;0.0013454152574060305;-0.00066793054371760063;0.0045091045442877545
0.0055212445611992882;0.11959184874472777;-0.63935606536756229;0.00090645341531166005;-0.00074266204999095349;0.00079566272531512365
-0.00013454797209544502;0.13420669161503121;-0.67659024616982633;0.00098435085890148221;-0.00054370142113888131;-0.0053562527225288325
-0.01328962445256549;0.13198112076470001;-0.68952013326125372;0.0014933539281432415;-0.00098300968957810639;0.0001044881127802667
-0.01856516555242042;0.12820639344130685;-0.64395770611137204;0.00092636160795604001;-0.0018394356158049415;-0.0009026296832408819
0.0058236380482481146;0.13253605476980124;-0.68378350184770798;0.0050301056145821066;-0.0025541013745458193;0.00038201507239123773
-0.030081915303945241;0.15341154923570616;-0.77578621048530394;-0.0030107789007743149;0.00044943599177825141;-0.005533746753664583
-0.021833499145440388;0.14910040211421816;-0.66885685294995889;-0.0061223960314343078;-0.001563973181599011;-0.0022013076175669451
-0.032671806908353231;0.14564497989866398;-0.72880610487665731;-0.0069039799501660797;0.0012961262836182596;-0.0055681221220348917
-0.028481659691487554;0.13866532825094974;-0.69019168647927132;-0.0051901148841370969;0.001566035416537609;0.0026215639888051701
-0.0027958488739652137;0.15255816320155383;-0.735847636408415;0.0023837087228368637;-0.0011017744093313629;0.003830768383793003
-0.024633354844454166;0.14282098832255796;-0.5863373682856815;0.006084928021960102;8.4259986687663235e-05;-0.0011511213496619877
0.0049339386815096782;0.15456779054735814;-0.76935653988543706;0.0067135310209987288;-0.0015672304541345667;0.00054168314062138687
0.0024052861616839058;0.15600602082753093;-0.77055768553264625;0.0043831089390832783;-0.0014533034661262576;0.0016594237683160442
-0.0065964565114424046;0.15280269429492516;-0.77711802415185804;0.0018504092834876391;-0.0014061190801875722;0.0025416316184694787
-0.011400428143029958;0.16105004848380103;-0.77133962033021197;-0.00070393373859782365;-1.7342742192800149e-05;-0.0014346918133731699
-0.0066290101212051989;0.16451332619981787;-0.79632836265258999;-0.0031455589708758009;0.00034093039843774778;0.00021823068629128457
-0.0097943177616162842;0.15510070129123746;-0.79777393163123189;-0.0029110510559715759;-0.00043973653272515596;0.00079294574248264089
-0.00060350449228094001;0.15469357668311756;-0.81619279595138472;-0.00067001428082029912;-0.0011437803335891817;0.0010548788068929288
-0.019598128373669477;0.16321391359860291;-0.73310646352911479;0.0028931661377202922;-0.00037005128096302887;0.0019006775847064936
0.0011427920867781085;0.17151754603896496;-0.83181878537847787;0.0015354109861864939;-0.0014224335136285694;-0.0011874822972329196
0.0052142432494448748;0.16085478403451775;-0.79584396462812523;0.00046108231351348332;-0.001012024317175192;0.0029293592142812315
0.01049819243632647;0.16520728363634232;-0.79619517200405021;0.0017644793032089311;-0.0011512909945612807;0.00074695085328806122
-0.0020452177676055258;0.16011861320570217;-0.773531977271813;0.0025301544927928471;5.4376763045135766e-05;-0.00042041187134375261
-0.0080097664972859257;0.17240393187446643;-0.8325429826397982;0.0025184377940381674;0.0012510528415440013;-0.0040652547978065638
0.0046844356640994775;0.17225051558142168;-0.83364894457742922;0.0027410303106487183;-0.00031849601958202874;0.0014483909594008714
0.0034183422706839492;0.16174453859366278;-0.81039603872556565;-0.00053457184902514345;-3.6834054179283049e-05;0.0028512142761805172
0.0016837058384451505;0.17598302130763663;-0.8618753343135771;-0.0027985776511286705;0.00029375525769437114;0.0011864840397294274
-0.0066806471512478507;0.16638835977514546;-0.82539854570535165;-0.0038603829283745416;0.001993950587202478;-0.0011068922233203457
0.00015917846530695039;0.15407705062110452;-0.79891946937365643;-0.00061075252821642882;0.00041423884316646307;0.0012910074425819763
-0.021013036867463485;0.15724689434032754;-0.73775874053065849;0.0021338853120083214;0.0017788177243543599;0.0015036391444735375
-0.011575116914723699;0.16380762530120457;-0.79646223666458416;0.003880402397626004;0.0015611617444368719;0.00088250578041718737
-0.00057723876289955938;0.16315250944325985;-0.81886146884429489;0.0027004088891238788;0.00060999274054245067;-0.0016969822816730437
0.0031377724044677068;0.15189982235259647;-0.78159788072937875;0.0054581005037366379;-8.2825875127426004e-05;0.0051526889570047999
-0.001919395352748468;0.1666857795969981;-0.81700706381547206;0.0043488546487369158;-0.001261825466163348;-0.0035729427961512538
-0.0033730391884266566;0.17088138611645998;-0.82804383975325258;-0.0054222655127145756;0.00032720167466399904;-0.0062891511332753463
-0.019323030092903797;0.17462501854518667;-0.79057801627973168;-0.012963212691559757;0.0010913245081031113;-0.0069253298472720173
0.02022587392980954;0.15368280322771735;-0.70120359737394244;-0.010447380958550925;-0.00053647154644285793;0.00028423990640844232
0.055937501869951944;0.15194464225019297;-0.59287067761332568;-0.0010106038759600451;-0.0017213507606888862;-0.00074039362733366039
-0.066461297989232518;0.095977714094008154;-0.50602674601392572;0.0070471535083898255;0.0026627497088928154;-0.0076290726786913876
-0.0095052491340709075;0.14902919571396286;-0.74809111006364304;0.0079765701470706947;0.00075027422378949344;-0.0026119528294846492
-0.0068789838610139806;0.15058025284015294;-0.7925804816042662;0.0039104941039124867;-0.00075737470915015212;-0.0029922684416962275
-0.0050874377544189;0.15366534464567239;-0.7818958358272341;0.00064976652940791169;-0.0013191261964879864;0.0019240267071103526
-0.0030036345923079508;0.16400549806452555;-0.78100297253852269;-0.0010795787178199887;-0.00057427308658859885;-0.00097941565088244492
-0.0015727438753171139;0.1595266362324248;-0.79027510472387208;-0.0030006298482194572;0.00014140601264508627;0.00037285278047302411
-0.013541003324092568;0.1553797146156887;-0.74808765545813938;0.00034044519412094218;9.8554569124869253e-05;-0.0020757749170348858
-0.008601760276775415;0.15715819307366888;-0.73598507569581995;0.0025022119319603841;-1.0762509159348858e-05;-0.0019311308683709813
0.00699204268483802;0.1538925802666728;-0.73532025356166431;0.0054932215623455889;-0.00098399410337682313;-0.0043406900449602494
0.0092292820273988992;0.1537970182397746;-0.6930946604424949;0.00042069003180397529;-0.00086566312524527576;-0.0020603392048207602
0.12076015626001631;0.11436470550215851;-0.4218480951083487;-0.00063486293521906791;-0.0050547189566045366;0.0069876231252004274
0.015051860989752808;0.13890362290067074;-0.67979146967229764;-0.00043504316203106985;-0.0013917561373156355;0.00046499579379683827
-0.0031069266135124274;0.14674952501845523;-0.71113372226234828;0.00095084533611450609;0.00048950610099414156;-0.0040961447695977773
-0.021583852851827658;0.13639847546954567;-0.72503828743724741;0.0024995734923983948;0.00092270221434756993;-0.0033647764864490649
-0.0088456296882228232;0.12607421741235184;-0.67521893883549511;0.0009267502059595972;-0.00078384392510655299;0.0038081725034618086
-0.0030755394318202028;0.14044537276263772;-0.63100265767177144;0.0022722248271416258;0.00080817010821101695;0.0036629055170590906
-0.015850667597640318;0.12725436408772842;-0.61162981713534414;0.0017895499099157284;0.0010644201033673316;3.4975832896465545e-05
-0.011589519616207149;0.12063543183777764;-0.61932451103199615;-0.00062828102522209683;0.0025015317880900706;-0.004178040703617842
0.021474858848659292;0.11717102586121431;-0.57402579286329536;0.0014433867223968564;0.0010844349910075846;0.0017882241984238821
-0.0033630528183450558;0.11664042292845872;-0.58396768370953311;0.00043927371130273178;0.0031889551054792007;0.0028129742420761102
0.030908237186703477;0.11495837004086783;-0.5677328965898033;-0.0010722131871686821;0.0036849911585990951;0.0040635999271878588
0.010057371874886041;0.1201900975980363;-0.56389435464549709;-0.00090668438894247463;0.0067937658790322023;-0.00014761041830232361
0.015319466294704083;0.12351269384640595;-0.51738106675869755;0.00055637396605253341;0.0093634556122746786;-0.00082569141297161636
0.029647476382810508;0.10733821142146242;-0.50622509175235342;-0.00071878663608420637;0.011321349712691706;0.006045975700580429
0.01581820372650657;0.097276074944515817;-0.45338930799970184;-9.4505813867955387e-05;0.013658824775743346;0.009650637751273488
0.037591653029379675;0.090637990049005718;-0.45576180443454084;-0.00088273972723584143;0.014405853353783374;0.0095406548511816971
-0.0093012173592150558;0.087691812885470705;-0.40787892621203242;-0.0022174522826731605;0.018064570430549369;0.0034522146410158007
-0.0014186649161474097;0.08449511868029555;-0.39950684746321574;-0.001697333040773208;0.020982860976926001;-0.00096776876998156661
0.019176634571688979;0.072809006436904009;-0.39428417793584741;-0.0010711576828374893;0.023531196818425665;-0.0023923512045875197
0.021233874641561297;0.084874238163720819;-0.37550266513535718;-0.0014002199777839786;0.025398716401924697;0.0049811648573826603
0.030971051727685824;0.058961580475878031;-0.35429925164729614;-0.0013651441339147181;0.029154494488200858;0.0090510042942766392
0.053562173454452064;0.071578450948801178;-0.34655748503552891;-0.0014109495638697691;0.031571941245360245;0.011094437252986282
0.033870400144762357;0.073947807497612067;-0.33569187853983201;-0.0029069261831608999;0.035999787473641152;0.0097264792709079641
0.037185302821860063;0.047270065648096056;-0.33737091238442923;-0.0032115838330261035;0.041317019199052007;0.007285249475195564
0.067998329394470036;0.050980675420422263;-0.32563513043267089;-0.002387182190731097;0.044763838065321089;0.0053462195687949661
0.08015414522458808;0.049137440115871595;-0.31564918100822903;-0.0036331895066697298;0.047967405999855391;0.0038317379178561188
0.048182329196142647;0.05632120569072474;-0.27713955156977127;-0.0010679955147896657;0.054984671020227707;0.0082365410960061562
0.092959098068620113;0.051535329753188835;-0.30857026048347752;0.00092927345786248067;0.055911134178395105;0.0073492979071825794
0.083402401474056503;0.060532529562501783;-0.29439046390852824;0.0029775823731285136;0.061175005015276722;0.010043250885651531
0.084456867152879006;0.067567356995248878;-0.26997119477160991;0.0044462399554578633;0.064195822838768291;0.011983444366819702
0.097948967368711282;0.055440237186906688;-0.2773668722093261;0.0016634079458897352;0.065000406233941377;0.01572191447411362
0.12157488181648717;0.043615001156414063;-0.30869762616564478;-0.0037062452022754038;0.065519170721209566;0.014217884338915222
0.1219718873712569;0.055559144867789012;-0.30596793921226711;-0.0036889957963040301;0.065490213836335229;0.01598056270894848
0.11259274582813002;0.043218694023199618;-0.29300067134697427;-0.0044880877810013174;0.06566633626874506;0.015291218734372837
0.13062716077417258;0.060670097943618904;-0.28738831185147989;-0.00058223941732029282;0.06417996805363238;0.013751908224134506
0.12285247989654578;0.053939558792144161;-0.27941101133279284;-0.0013850208084319497;0.065227451504938236;0.010235555692338024
0.13979629688507886;0.054917148181348435;-0.26188493931808271;-0.0017625110454111308;0.064877364526351969;0.010063464758398416
0.13959769337506264;0.059262169057506218;-0.2932394137213285;-0.0016972858803652169;0.066075185531461175;0.0086330791929240328
0.13121877166124007;0.065568785987628678;-0.28700911620622155;-0.00090756491470348475;0.066684644885928138;0.010257451533196441
0.14714204891918864;0.067371463536078147;-0.30859515042524505;-0.00015710281727521579;0.066280767194346654;0.01235967216527265
0.12984331817808001;0.066433606248763197;-0.29082379260107039;0.00040466789218026374;0.066280433697129784;0.013975954645239761
0.12485302209582357;0.07681915165549412;-0.2946007912935395;0.00077478280519785859;0.066808885386335684;0.011196590810832598
0.11712260986330798;0.095889542328063335;-0.29708433826756608;0.0016720436346127764;0.065409442487087396;0.011410117299355744
0.12002745728455234;0.077927281972868259;-0.30046834751049667;-0.00070371358729546998;0.060515836503331158;0.011150655371116612
0.11788408938232885;0.063436267737928792;-0.30999207856029309;-0.0014906382151897183;0.058061051652293541;0.010628931379460136
0.10902816262508967;0.063572532403397705;-0.33694677996748928;-0.0010507700477462613;0.055581919159779475;0.010434230366968746
0.10941573212426231;0.057119446430929963;-0.35532404434258913;-0.00096535451537960951;0.053145693844606025;0.009112538962479648
0.11503180905844346;0.059247237764814824;-0.37097802703152011;-0.0012199825337371761;0.04909556281186362;0.0093355863184719622
0.095738685636078777;0.074389299906238868;-0.36260935022090196;-0.00036925993258461818;0.045655430464826847;0.0082984372428200164
0.067258075907507098;0.066406482758126398;-0.39163319658464646;-0.00025811694736378347;0.041384755832940462;0.0099583469033016347
0.058523611612333139;0.077681002339716324;-0.41236649105794304;-0.00034184470111569307;0.037620544729236927;0.0046946079828312798
0.047439041611654735;0.071108587417873126;-0.41088463975115996;-0.0012623286054766975;0.035018854939424929;0.0059865737768970461
0.047156565013806627;0.07271715342721824;-0.40666427227986984;-0.0036816977001709887;0.032101181101096013;0.001203936179258719
0.029635256402871037;0.078216337555249496;-0.43302089641211283;-0.0029102629107188045;0.028268158084080536;0.0058300273591199254
0.037666894460718005;0.089159361217150623;-0.43458612452351358;-0.00065887861702220395;0.022002622420468989;0.0064750095022649548
-0.0011106366032089857;0.077211893156552761;-0.44031502312060011;-0.00060386454837680693;0.017328364851219896;0.0045933607901679436
0.017866252560218395;0.083829588404303171;-0.47199305009891129;-0.0015421236339166905;0.011040792280187924;0.0012773656714863461
0.00053730486041850549;0.08504463572373222;-0.46547753642654627;-0.0019388917988687575;0.0051745086806833747;0.0039529381389061587
-0.0019528678182124263;0.098622771636936599;-0.50371904047966731;-7.6700307658464129e-05;0.0012132998792478472;-0.00039217251699389874
-0.0080900166778391115;0.098722541726731838;-0.50766699191090559;0.00090186513079328881;-0.0018218352882424565;-0.0014292389626145764
-0.0030091551231394378;0.10340534837994332;-0.53790060076247437;-0.00045731808855765677;-0.0018429058685693494;-0.0039714585886916395
-0.019720043902011809;0.094101892156062558;-0.55562915264512291;-0.00034664408329029123;-0.00075319049424889923;-0.0022203925677536846
-0.024069656083746116;0.11443912247820487;-0.57371431253301075;0.001307300302453491;-9.540319434896114e-05;-0.00035946104610032163
-0.051713788730523839;0.12093889506050776;-0.53041066945821058;0.0024000427212889832;0.00048029334348917917;0.00127038540792318
-0.016381431929098151;0.10905981080628301;-0.6021607808320808;0.00072965334216030728;0.00075128872851459047;0.0025690540981162138
-0.00024588934475561723;0.11854627779504787;-0.64169541998369073;-0.0007077336081799864;-0.00073367125975512168;0.0004628926378548177
0.012775519154240429;0.12455411137622376;-0.67688123768273889;0.00018892751216144772;-0.0017514464333072645;0.00094331498682120624
-0.0059104711106617892;0.14339421190126803;-0.68360435752883175;0.00056441145330950475;-0.00049848392143848419;-0.0001125123791100513
-0.0086481853730824027;0.12464625369367752;-0.69999663024749237;-0.00022777834011842191;-0.00022682423535792077;-0.00040532409252629114
0.0049572267662381436;0.13348289625600085;-0.69438724829693721;-0.00014620991008731612;-0.0001743041322117973;0.00033104934804056407
-0.016921485150975468;0.1467926596142804;-0.72897279414564276;0.0012655681341731538;0.0011593521717270425;-0.0023740704501841433
-0.015565463025202881;0.12156962033447115;-0.71875777520534589;0.00081785658970343511;0.002186723233443245;-0.0049710728635481436
0.012491231527658539;0.14583547639365707;-0.6998447049148504;0.0022076425986647988;0.00048571517126200215;-0.0017687726797560792
-0.0021695831733497171;0.15165182202234126;-0.73869259423051192;0.0015210347214968084;0.0017055047423182512;-0.00087376320034961174
-0.0011420515128261308;0.15490086002946576;-0.77245377542601268;-5.5995519973148443e-05;0.0018263950580162055;-0.0037840147232985847
0.013520792111468801;0.15360266747085244;-0.80703602321255008;0.00057062550422862517;0.0010203806417571385;0.0018276275912121427
0.010338021797307547;0.14923680167734346;-0.75637937469223482;0.0016381728010265966;0.0011667790747949714;0.00047757701735018728
-0.0042139000312331198;0.15447687227343609;-0.76996554524459937;0.00079602542300641441;0.0020407712581325069;-0.00096143427094372888
-0.019665580193959663;0.1491566505258399;-0.75815758162205338;-0.0015520615223533223;0.0034690509107031804;-0.0025227012665482431
0.0068959771003153699;0.16334668953427608;-0.76103458567483073;-0.0014769295744953247;0.0018988935335713898;-0.001494680860386831
-0.0055631768453833358;0.14906321360609315;-0.77956517144303394;0.00079139370136877181;0.0026888560913732578;-0.001549657870533521
8.3689159159361534e-06;0.15526064522862054;-0.78791530379998065;0.0016423658651867419;0.0022717983412367132;0.0024449873164567215
0.020277359439235341;0.1633730601889764;-0.83286074678831912;0.0013395115084918641;0.0012075242609629012;-0.00064642621553238954
0.0071449446665943243;0.16238978350437935;-0.8415549943167232;0.0011519024236952289;0.0018425940671468141;-0.0012908902891036248
0.0058913804217253759;0.16506656518197022;-0.86150376721409927;-9.9388759553641521e-06;0.0013441849071087037;0.00018583431042664168
0.022612824783644934;0.18024805811267122;-0.90976506081807362;0.00085803729124463374;0.00044081173556226891;0.0043729057570715442
0.0011510861629862267;0.16934005027060337;-0.83142414124674158;-0.0022075564742706755;0.001409443493329697;0.0038280709814950491
-0.0042592433813661386;0.18538738305985153;-0.84572027383742254;-0.00058717391984748938;0.002461197895475034;-0.0020557469747014881
0.021541279360013842;0.17278447216554887;-0.85931123899323836;-0.00061324894631603134;0.00057880282002537085;-0.0017496192162788286
0.022077729620468601;0.17569418405940021;-0.87077745123561612;0.0044101498134272235;-0.00025674204845140279;0.0021359075797589503
-0.00069092467745157128;0.17234405101264325;-0.87343168689620787;0.0011815301270755713;0.0010406120170550314;-0.00097537576313686826
-0.0055472404175849997;0.17413939240962925;-0.86696002655987736;-0.0018247357691313199;0.0026947900567794465;0.0014031396331682503
-0.0025963046626218361;0.15954831270674788;-0.80724131754346384;-0.0010180827950479158;0.0022083285661076732;-0.0014148409971483345
-0.039470601785710366;0.18560967129400674;-0.82769175322444022;0.0018801023949467474;0.0042699322907741189;-0.003582997540159164
0.015200212601315079;0.15501913830919956;-0.84848254884547802;0.0027095466918138963;0.00086532018671261514;0.0026610773392759519
0.0038151801236272565;0.16373308955472327;-0.85259048507056423;0.0013822856339189104;0.0013628007558227782;0.0023543230612295854
0.0273835991103939;0.15853047796818329;-0.8151737033499894;-0.00045155961526329786;0.0015183648955812939;-0.00081609359918536912
0.0045705450059924718;0.16685848028116815;-0.85535044372856373;-0.0014518682918835907;0.002374773465968788;-0.0014701943989378968
-0.0078167706155827955;0.16499143446677181;-0.81942187610944894;-0.00056040231472071964;0.0024024407488898213;-0.00079320249377226018
-0.0042831270138572177;0.16597629931616228;-0.81864152891956488;-0.0003056864225772681;0.0011226821124013017;0.0037134304920527807
-0.010712033570798475;0.1701825628345075;-0.81893112015911074;-0.0013410408165327153;0.0014051462889984421;-0.00022964721627273169
5.69786949439028e-05;0.16034873714258988;-0.79426325440042933;-0.00024525562861256011;0.00094788685322137896;0.00084252054917864866
-0.013593852820327504;0.1643980131320206;-0.79214612910038118;0.00019846763636129783;0.00054515503271870976;-0.00018905923498903501
0.012484567020899567;0.15240046567832899;-0.74556619209052333;-0.00022957730227378393;-0.00065387995639899093;-0.00011861827847714124
-0.0046722149481320478;0.1423664418093982;-0.78821910340774981;-0.0013162510793490068;-0.00047190196348051493;0.0018262908712956625
-0.010527495235918368;0.16932896363991579;-0.78962610593841931;0.00042907419517358209;-0.001633231936480434;0.002237109871862107
0.012680780828327477;0.15984170619692736;-0.79044009442682361;0.00028179785858968337;-0.0041247808663235856;0.0023798907684614273
0.018712872995642265;0.16120809022382521;-0.79849367653546666;0.00013088963355842488;-0.0053213747176381106;-0.00016236671808148641
-0.014548409177381174;0.14965123536167593;-0.69181278155859893;0.0010396370362343772;-0.0051629230343618474;0.0005597671984249031
0.0061505441692698516;0.15944873256860195;-0.79286283651613731;0.00037642207124436914;-0.0065174363948251107;0.00095235752218650555
-0.0025510349184504249;0.16877359163563826;-0.79849064837459105;0.0013344267742227886;-0.0073044857813531622;1.9126558466785569e-05
-0.0029919614021763036;0.16574766727775361;-0.76610996352784944;0.0011871324106073277;-0.010837203041409397;-0.00078999712043663697
-0.0073674326442368081;0.15904391752910418;-0.76883727722623119;0.0016272329924045966;-0.013720303874712791;-0.00069531631070035463
-0.01235040348905986;0.14653496529202165;-0.74818639484184613;0.00020758795578573153;-0.014886898253145705;-0.0015917324646038604
-0.050785499247304106;0.16442435074792705;-0.74944971870084565;0.00091059597891886669;-0.015323697580387288;-0.0071022036199892089
-0.0401083503685414;0.180247310211122;-0.80746984701383495;0.0009977970300569692;-0.01918751851535393;-0.0051685603220740081
-0.051074860393534934;0.17597827739116806;-0.80809147023285233;-5.324191428020039e-05;-0.022021983249343617;-0.0053278675677038787
-0.04215079610290539;0.15720389471249546;-0.78915527881209446;-0.00086266725233492337;-0.023523546281554696;-0.0057284552866267765
-0.043163129827212335;0.15571580159822204;-0.75634108434958247;-0.0015641292122453401;-0.023511952611201495;-0.0065120369360611927
-0.04079240388696085;0.15400708377427144;-0.7502314482118817;0.00065833258538315143;-0.023709603776624122;-0.0096431864048814459
-0.036226898473543108;0.15641004362222696;-0.76328592181334143;0.0021913230787139791;-0.024752352830115152;-0.0080321254996761852
-0.035314547928302041;0.14903400615923154;-0.75226416103341232;0.002937249665107985;-0.025656124853123782;-0.0062409291231867135
-0.046214730242764825;0.15672774244853352;-0.7356365318005943;0.0016377732048026494;-0.024982522930696811;-0.0066670008743471626
-0.034103333495708016;0.16686587267002337;-0.74579085211294482;-0.00091863712089195653;-0.024825744297129207;-0.0063851142306678753
-0.027367179521785922;0.15006443019125223;-0.73521870078006824;-0.0023314509748303199;-0.025632812426760229;-0.0060204085590284022
-0.031502086301017224;0.15020747928288652;-0.73650566558238839;-0.0007979905281140366;-0.025312274989617977;-0.0050751768638343546
-0.018087759469631721;0.15608651858025238;-0.71910319236020614;0.0025618851548687392;-0.025581696497021307;-0.0038681914798172181
-0.034195368129703085;0.14788268940089966;-0.72421116085703785;0.00071946105828884816;-0.024581906275272365;-0.005102730027371865
-0.048905229676459459;0.1503488169207991;-0.76424644466313751;-0.00092649710326958427;-0.024033996766198905;-0.0022337280789371402
-0.048229868487379146;0.16638889418995234;-0.75572654280080886;-0.0001282557987552553;-0.022131945113927274;-0.0050956261470439463
-0.035162229653556108;0.153324540107207;-0.74165819279541223;-0.0012494747860171242;-0.020389680421518955;-0.0075589649534479877
-0.038814942354778496;0.13833447925719181;-0.71962363618937353;-0.0010008601031115255;-0.017747929559507821;-0.0073882298432414615
-0.03726097221275762;0.15195190680474083;-0.70322829081912774;0.0012134014813590826;-0.01561674132816173;-0.0051673114398177221
-0.021397097517298139;0.14708039172328952;-0.71051563926973893;-0.00018348020174276857;-0.013735117358117896;-0.0019069897603430552
-0.022299033960193039;0.14591886246070707;-0.7241464198366826;-0.0023474968753850419;-0.0105360896341763;-0.0031745756779143928
-0.037593808747781211;0.13587770768674087;-0.71257889017546938;-0.0031890523441722193;-0.0073035347582789218;-0.0046423866707747397
-0.043175059687165618;0.13511060535198019;-0.69071639773845839;-0.00094361713832529393;-0.0045073339284876068;-0.0066717549828489596
-0.023042771239333709;0.14746501349242067;-0.71706528263656444;0.0029464769091311158;-0.004377397106485984;-0.0050795286471460145
-0.0022262639435176156;0.12477099073847013;-0.69962514540481269;0.0040269853300332692;-0.0044791203208755107;0.00079889920180866477
-0.0056699224868134342;0.13727628159832697;-0.69302491560231871;0.0043169674088407517;-0.0044355061270027561;0.0018763757501140857
-0.0053128458401300498;0.1383347625971737;-0.71669323742606683;0.0013643679764763961;-0.0040028295139118136;-0.0016148842992380684
-0.023535294539619996;0.13730609430933155;-0.67979305717690497;-0.00046945134315735259;-0.001942838534439635;-0.0025405497280150957
0.0011913969377569055;0.15121978315987317;-0.70390519802376417;0.00018126645854322414;-0.0041250199424442318;0.0013051610913678983
-0.0093942435811456507;0.14494012128377015;-0.7073648898123529;-0.0024480964697200752;-0.0024683891773382969;-0.00078210985650222723
0.00010779553475290218;0.14890954092998704;-0.6772695912605442;-0.0027157910680819567;-0.00036654641754104225;0.002091127237630996
0.0032545711146397334;0.14677667745339112;-0.72361943848054211;-0.0038456241077135544;-8.9048360729280179e-05;0.0035867475220592135
-0.0062129476464800673;0.15965176899802566;-0.73164569089991305;-0.0053734121988292241;5.0123415610702376e-05;0.0062588061801862466
-0.017559123020800291;0.14449084609704507;-0.71380601916009701;-0.0039139170143127006;0.0047899529315596481;-0.0058535760925431972
-0.024232382953201206;0.13049046887401225;-0.71391951366340434;-0.0032806040151632083;0.0066419889165727003;-0.0046855673574184402
0.0057907972058474019;0.15355824828171993;-0.60643291024915447;0.0024319307637655488;0.0053872967981849745;-0.0011207621612855012
0.012754713001305866;0.12572031550706714;-0.63093893868963102;0.0050328305716590468;0.0069378989021888051;0.0055855960788434595
0.01503176390896499;0.12860256241377163;-0.5804648829908694;0.0035121871881244114;0.012273165653350003;-0.00010977116828380202
-0.0035705411772069596;0.13533627646899452;-0.60397164048022178;0.0021669255092894571;0.014002749689525199;-0.000702445338398338
0.0085006597512139407;0.12446942354464317;-0.5736436511952504;0.0010543462376985859;0.015314370611515891;-0.0011101936092819458
0.012345741253677657;0.13055008076329852;-0.58223159615574083;-0.00011256342615866611;0.017249256407225095;0.001601453786329151
0.014449150452899373;0.11611612095559326;-0.57801110014921364;-0.0021349123844193393;0.018583471123141876;0.0032814508291390508
0.0058521521297695955;0.089685472357041926;-0.55366287679921355;-0.0016711345214292857;0.020303717674400344;0.0049773272243520527
0.03533970809579369;0.093359155634249236;-0.5445941852413182;-0.001597551403590799;0.020224473878797368;0.0049382882732448632
0.029364770168745769;0.10428753458553873;-0.51702960117351815;-0.0022236189521401533;0.021280987519126209;0.0051342881830122771
0.040567161176492415;0.10631458820198668;-0.52023400914592988;-0.0031425543781415087;0.024040708637025909;0.0062603919229241743
0.047651910352480766;0.096852538330677709;-0.49672575463266583;-0.0048054296761632139;0.027318586410689908;0.0059414339603165557
0.072308850086909071;0.075740241588662119;-0.44519363855402178;-0.0037168070836040268;0.029177251527380758;0.0070413186832931898
0.080414871374140787;0.078233200741721687;-0.4378004307070601;-0.0015417159278998051;0.032184607037106343;0.0081457669002878708
0.074766747068070155;0.082621362146979169;-0.44231600341224198;-0.00027988472468839246;0.035035291877356017;0.0078507739790807315
0.083686221182735318;0.074650585513638262;-0.4400125221681751;0.00044901425251615156;0.036795703650566169;0.010852906510332265
0.085239223953386151;0.08907358368365477;-0.43703960874858394;0.0028540059395874922;0.038265702343836333;0.0082074125537377959
0.07715413183296875;0.056695553219104591;-0.42743135732180265;-0.00065798297468382528;0.038613932549749992;0.01096287840769461
0.068641375163005322;0.090239387010851338;-0.43785415827817847;0.0018015168643642824;0.039806450483676821;0.0090994326727879514
0.050763495304425817;0.11374386979754246;-0.4357198730536363;0.0045364075429148833;0.041890248143498614;0.0070772302512390785
0.066820093467027566;0.10656416887639329;-0.40025533419694626;0.0031713388333204713;0.04088568637295769;0.006721984263174623
0.077901961372142725;0.080021198763294027;-0.41304395082887652;0.0016483247481590396;0.039283335087878984;0.0067286806432410246
0.074159177419440642;0.087462407434794442;-0.39708059844961796;9.3215842089383922e-05;0.040772937213209529;0.0035912374589437538
0.085095006952016022;0.11254410300754498;-0.39056027246435665;0.00039237843400108911;0.041208252489051196;0.0027789858000464504
0.075193637289115225;0.075307757207499451;-0.40155052785953071;-0.00029731591933226519;0.04203748155057957;0.0075300310549726588
0.083037388361990996;0.087473324887631626;-0.4037762262046854;0.0030165844409981413;0.043537753739253213;0.0055889333430161831
0.088403560009474094;0.078014965808583997;-0.43336587652131991;0.0033168305386390732;0.04263629766302688;0.0081238954769739125
0.071397938748139558;0.088583376444301226;-0.46181220249872063;0.0035040083888753406;0.045197500774175642;0.0066693940437254117
0.057586805208963809;0.10478295775258538;-0.465857187213852;0.0028164447078952632;0.046248797705020328;0.0071022904786304086
0.066971179177030826;0.10795020573581411;-0.46462564164661607;0.0038981934908501837;0.045203366651603828;0.0055339248661162898
0.074445639055695276;0.086172268379613101;-0.48418475937610062;0.0017453501415925466;0.042244059190323251;0.0076581956569192131
0.077811083831836617;0.10422639760414858;-0.4946695136543085;0.0003194829657706071;0.039699310270624941;0.012022372077514451
0.071328138792292342;0.088869526355175574;-0.49171551041985084;-0.0013443875471882544;0.037589295815995717;0.012397468422417381
0.058946722677490702;0.087874703199570664;-0.52429970147411031;-0.00032548303682375;0.035649392420733027;0.0070626409613310463
0.046126513196315708;0.090851781901771289;-0.52835000291670298;0.0015876773189640858;0.034774324955232291;0.002428496099351289
0.036523162756914349;0.10812457583800857;-0.542862504440069;0.0018323616906211215;0.034372507304746114;0.0026051889803396385
0.030747454306200347;0.10648378484598815;-0.54298391092505749;-0.0002064001379981939;0.033210086410595717;0.0043159927635824736
0.061782437942901711;0.11479307970480834;-0.56488541476416931;-0.0036611626486505785;0.029722638666502429;0.0075821818346040702
0.01728697769465453;0.11416946465786189;-0.58223166591015552;-0.0071067819289999364;0.030126706188426201;0.004741334376825025
0.015657394290429998;0.11047873020122151;-0.57472535756160037;-0.0080446971552205881;0.02693199881431714;0.00838566455777566
0.0045075790284473836;0.093255075423038097;-0.59228992336712494;-0.0042220191808122406;0.024829148359131453;0.007731852831486051
0.011786608034553548;0.10551484521268557;-0.55746693618974907;0.0042109614693172396;0.023521644248021445;0.0051679935788909144
0.0067580043290972006;0.10552225318580211;-0.53779177697011815;0.0097740824817838974;0.021765898558847512;0.0031696126798406951
0.026073390904425075;0.11927381904459604;-0.52295163731688499;0.010774125970556232;0.019607983233021705;0.0012622847297021186
0.027210008333527054;0.12154573692206665;-0.58403495413778639;0.0037596909114557481;0.016738368720436044;0.0046888706289017531
0.006019953374524596;0.14918865979382354;-0.61847342405045791;-0.0029804678618061083;0.016299280122075901;0.0047995617817118584
0.027796918864800457;0.13176606183966699;-0.65137271456968038;-0.0073515509225125569;0.014287257761147887;0.0042961289049190067
0.013554531666419921;0.12386485005115994;-0.63230144363169005;-0.0052507841523552808;0.014452560982589712;0.0013536521630962586
0.001312005019848474;0.12094968367715327;-0.59767081334417238;-0.00069306088235780239;0.014244202768694439;-0.0015523354990513072
0.012718499741515297;0.1200014821220588;-0.61432360295970512;0.00044824715729312777;0.012897035696400189;0.002669028410379613
0.011685082701244654;0.11508098013526059;-0.59316419102172457;-0.00059128075688436531;0.012412052161538673;0.0058672671400190578
0.042848785326234422;0.15549792684892524;-0.60997498484939872;0.0025839117357238182;0.010193128973330074;0.0040106557221759589
0.029955906056376234;0.12380058479131889;-0.65247956111130845;0.0029900447936423691;0.0083032601969830824;-0.00050863300286933051
-0.018055174129933335;0.1136486429604875;-0.59327978927885838;0.002814976394793669;0.0060817066698518798;0.00085703584111404237
0.019808625379685606;0.12650215808824122;-0.62264189689938942;0.0047599489937179568;0.00090224375742007301;0.0060209784807560797
0.0041842326194090973;0.12677503357279191;-0.60014981908482323;0.0034712026819543914;-0.00076956974073691159;0.0045016921458344199
-0.0035977138736257071;0.11669697891453915;-0.6029707786848777;-0.0019678502736339538;-0.0026809659585906444;-0.0030784970131084916
-0.0070510466551015451;0.12591134254683542;-0.6017822411000614;-0.00084550566058459536;-0.0041417196588425251;-0.0019584517873006578
-0.037986047523483529;0.12325693709018036;-0.55753998133898552;-0.002949330165040931;-0.0062930195593269254;-0.0026594350322432523
-0.0036971784118799769;0.096999540464570294;-0.45293520221991407;-0.0021981798352015756;-0.0077093945067894468;0.0055472591062475868
-0.025000401451774248;0.097242176788528617;-0.51851363559218278;-0.0017721813444398905;-0.0070705222395411058;-0.0014603639687083281
-0.053509890164949954;0.13046261616727464;-0.49668505099695454;-0.0058481629001666518;-0.0059333925774099705;-0.0070729739581632967
-0.031231076216319615;0.10662288945246857;-0.48053977065998432;-0.0062691741327230086;-0.0064433944911161554;-0.0067901850076992707
-0.033246067446089454;0.08808088131212391;-0.44195515717995892;-0.0021799356025376175;-0.0064014200765902616;-0.0041644870115717294
-0.013172484031704401;0.1010412114638351;-0.38315815635191014;0.0020543194817294582;-0.0063425752623648239;-3.3741118797120078e-05
0.0010793253964556566;0.076425105148306458;-0.39273906472544473;-0.00096725465928511442;-0.0073366225439601201;0.0050746278316111957
-0.014409808230679102;0.064123159719389117;-0.35888947696129908;0.00018148905910648369;-0.0054511654623959601;-0.00039323730673985785
-0.031434588042606591;0.068251640189278331;-0.35329199634418768;0.0035810497132429675;-0.0041241586195472461;-0.0048653841776416205
-0.015672548622026914;0.063757889918555008;-0.31319711312535514;0.0033718640508877649;-0.004789069217225583;-0.0054651003358478127
-0.010351777342660172;0.055172595390188379;-0.30427398272106448;0.00047858061845497868;-0.0045555278519920908;-0.0026573355855975624
-0.0012680640047719753;0.053158459942272258;-0.33877680720601616;-0.0017600964526870162;-0.0046734039058217922;-0.0012206468461409524
-0.0016314486435386956;0.04679379131103352;-0.29386527773361876;-0.0015880092045039412;-0.0047666061474740378;-0.00043378898831181932
0.0017751247465853123;0.064818936027601651;-0.29609631053498914;0.0011335982374723907;-0.0046742760752252867;-0.0020039162877320453
-0.015639136725482321;0.063244838354555258;-0.30283481813666852;0.0014784662834177104;-0.0040353535714543294;-0.002508973274066198
-0.020587798787243119;0.057089175138596897;-0.29150806413088332;0.0021422998323443925;-0.0045503621853933375;-0.00080607204657990759
0.012921325300041617;0.058640394653594469;-0.29247992513841292;0.0022304395493492426;-0.0061788131594821358;-0.0027965061808679797
-0.0051016748943304184;0.058729342439592061;-0.27456600663038161;0.00010131321813812201;-0.0063048905274262134;-0.00056644669139831899
-0.012169864544228656;0.077578803140796807;-0.30618732011913619;-0.00014347223776073689;-0.0058865389824488508;-0.00099054000774948382
0.0059701519119600855;0.050622647068853679;-0.28579675200084403;-0.00053316965348382771;-0.0061258198300952827;-0.00024799923552593539
-0.0015883104956322162;0.061511235807728784;-0.28959396634099238;0.00037486020696064163;-0.0063814927444079822;-0.00058353774110555547
-0.0045002999775991502;0.081852162828541589;-0.26268568936738312;0.00075465133439856782;-0.0056661665618853692;-0.00087785602077537924
-0.037097692277113181;0.037093421882168881;-0.28322047673936407;-0.0014037528614246179;-0.0046641621932866978;-0.0015316317143260739
-0.031068329460549174;0.039168529370489598;-0.29055812758929345;-0.0011867127259268838;-0.0063193853998121446;-0.0017080055034058522
-0.03505970971775732;0.064007566641477442;-0.27274064862044245;-0.00030523426173600146;-0.0084191139229967109;-0.00063506870226638277
-0.0082711143669825012;0.0621868576003234;-0.29738060609782185;-0.00089160300840404865;-0.011510236989877895;-0.00033520467588891235
-0.023336244330862961;0.052163062567027581;-0.28434674346827066;-0.0013640454729414255;-0.011992037256768862;-0.0032632313867916492
-0.029856422658993662;0.066521506164951269;-0.30769325820915022;0.00027821378740062888;-0.014587589005614451;-0.0037610290298409213
-0.023435727319169281;0.070495556641184315;-0.29399348276951359;0.00083210257294037834;-0.016900590829547913;-0.0040029376044433641
-0.045509983008719675;0.079134350765995204;-0.29856773891701888;0.00073620942271926458;-0.017862055937549179;-0.0025132223364775202
-0.039438760938890469;0.091870942148945908;-0.2998485095329142;0.00056790951444208237;-0.020126259286634581;-0.0027527583369285811
-0.044616411280331968;0.1098321585456839;-0.30857656566109115;-0.00010751777950745164;-0.022177335445924051;-0.003136854376659341
-0.043208442771746493;0.079681710969734462;-0.32712072708757717;-0.0014794193828670122;-0.023684742384898524;-0.0042215385027976277
-0.059434613842602214;0.044306374818617995;-0.34784859192365819;-0.00327007692260911;-0.024920267186860749;-0.0043694980044372677
-0.062231882239513037;0.068096122425158626;-0.35912394126412883;-0.0019588972325806598;-0.026461756281702043;-0.0036918692812919684
-0.03833254216454509;0.077636840364000731;-0.36776480919101801;-0.00014588901680341157;-0.029971794899941267;-0.0026125271492080902
-0.0766729109946689;0.086224164699303774;-0.36573190402577593;0.00017766454528247384;-0.033101534464133886;-0.0044850864928705674
-0.083677964557945364;0.092722970596096604;-0.3239617985582689;0.0017608094034769928;-0.035713814860845454;-0.0057215331550289463
-0.14158771481397373;0.16810378761142156;-0.23221207657553339;0.0066629181539273243;-0.035595639403616271;-0.005405186588251433
-0.097277547849962981;0.097880562162741741;-0.38092953164588217;0.0039948440483836911;-0.039732584662213535;-0.0063424885288962222
-0.079908531040242703;0.094328703462329314;-0.34580366102093324;0.0031284629160283645;-0.043520735616982283;-0.0083057748128883193
-0.095632227148004151;0.10979843636269684;-0.40191513349516905;0.002415545660857576;-0.044916886329630999;-0.0055046809529995105
-0.10047051049975067;0.11359548997049017;-0.41113583666695486;0.0011849360961844893;-0.046141131391733467;-0.0064180771986171404
-0.083152778701277144;0.14698778183110209;-0.37057001937447809;0.0036845778526528191;-0.048332454475684863;-0.0037444831424529573
